Model,RMSE,MAE,R2
Random_Forest,4.063052114871254,1.9341932999999938,0.5823314474887351
XGBoost,4.233340271349393,1.920176846516927,0.5465876476348948
Neural_Network,1.6035416194346535,0.6756660035093861,0.9349439839254319
